 (-4.571705914327126780e-169+0.000000000000000000e+00j), (0.000000000000000000e+00+0.000000000000000000e+00j), (0.000000000000000000e+00+0.000000000000000000e+00j), (0.000000000000000000e+00+0.000000000000000000e+00j), (0.000000000000000000e+00+0.000000000000000000e+00j), (-1.941266322681410772e-59+0.000000000000000000e+00j), (0.000000000000000000e+00+0.000000000000000000e+00j), (0.000000000000000000e+00+0.000000000000000000e+00j), (0.000000000000000000e+00+0.000000000000000000e+00j), (0.000000000000000000e+00+0.000000000000000000e+00j), (-1.941233580927161283e-59+0.000000000000000000e+00j), (0.000000000000000000e+00+0.000000000000000000e+00j), (0.000000000000000000e+00+0.000000000000000000e+00j), (0.000000000000000000e+00+0.000000000000000000e+00j), (0.000000000000000000e+00+0.000000000000000000e+00j), (-1.940886108909501879e-59+0.000000000000000000e+00j)
 (1.821459649775647449e-11+0.000000000000000000e+00j), (1.262011328773127161e-10+0.000000000000000000e+00j), (5.139118297581291017e-11+0.000000000000000000e+00j), (0.000000000000000000e+00+0.000000000000000000e+00j), (5.139118297581291017e-11+0.000000000000000000e+00j), (4.700016417724661721e-11+0.000000000000000000e+00j), (0.000000000000000000e+00+0.000000000000000000e+00j), (5.139118297581291017e-11+0.000000000000000000e+00j), (1.262011328773127161e-10+0.000000000000000000e+00j), (0.000000000000000000e+00+0.000000000000000000e+00j), (4.700016417724661721e-11+0.000000000000000000e+00j), (1.262011328773127161e-10+0.000000000000000000e+00j), (0.000000000000000000e+00+0.000000000000000000e+00j), (1.262011328773127161e-10+0.000000000000000000e+00j), (5.139118297581291017e-11+0.000000000000000000e+00j), (7.578573185673675994e-11+0.000000000000000000e+00j)
 (-1.283695372222836991e-10+0.000000000000000000e+00j), (-1.359589524296822302e-10+0.000000000000000000e+00j), (2.840609691912021294e-11+0.000000000000000000e+00j), (0.000000000000000000e+00+0.000000000000000000e+00j), (2.840609691912021294e-11+0.000000000000000000e+00j), (-7.697835424647080189e-11+0.000000000000000000e+00j), (0.000000000000000000e+00+0.000000000000000000e+00j), (2.840609691912021294e-11+0.000000000000000000e+00j), (-1.359589524296822302e-10+0.000000000000000000e+00j), (0.000000000000000000e+00+0.000000000000000000e+00j), (-7.697835424647080189e-11+0.000000000000000000e+00j), (-1.359589524296822302e-10+0.000000000000000000e+00j), (0.000000000000000000e+00+0.000000000000000000e+00j), (-1.359589524296822302e-10+0.000000000000000000e+00j), (2.840609691912021294e-11+0.000000000000000000e+00j), (-2.558717127065790141e-11+0.000000000000000000e+00j)
 (-1.040834085586084515e-10+0.000000000000000000e+00j), (2.168404344971009514e-11+0.000000000000000000e+00j), (-2.237793284010081669e-10+0.000000000000000000e+00j), (0.000000000000000000e+00+0.000000000000000000e+00j), (-2.237793284010081669e-10+0.000000000000000000e+00j), (-1.569924745759010937e-10+0.000000000000000000e+00j), (0.000000000000000000e+00+0.000000000000000000e+00j), (-2.237793284010081669e-10+0.000000000000000000e+00j), (2.168404344971009514e-11+0.000000000000000000e+00j), (0.000000000000000000e+00+0.000000000000000000e+00j), (-1.569924745759010937e-10+0.000000000000000000e+00j), (2.168404344971009514e-11+0.000000000000000000e+00j), (0.000000000000000000e+00+0.000000000000000000e+00j), (2.168404344971009514e-11+0.000000000000000000e+00j), (-2.237793284010081669e-10+0.000000000000000000e+00j), (-2.099015405931937101e-10+0.000000000000000000e+00j)
 (1.110223024625156799e-10+0.000000000000000000e+00j), (-1.118896642005040834e-10+0.000000000000000000e+00j), (-1.196959198423997154e-10+0.000000000000000000e+00j), (0.000000000000000000e+00+0.000000000000000000e+00j), (-1.196959198423997154e-10+0.000000000000000000e+00j), (2.602085213965211288e-11+0.000000000000000000e+00j), (0.000000000000000000e+00+0.000000000000000000e+00j), (-1.196959198423997154e-10+0.000000000000000000e+00j), (-1.118896642005040834e-10+0.000000000000000000e+00j), (0.000000000000000000e+00+0.000000000000000000e+00j), (2.602085213965211288e-11+0.000000000000000000e+00j), (-1.118896642005040834e-10+0.000000000000000000e+00j), (0.000000000000000000e+00+0.000000000000000000e+00j), (-1.118896642005040834e-10+0.000000000000000000e+00j), (-1.196959198423997154e-10+0.000000000000000000e+00j), (-5.898059818321145413e-11+0.000000000000000000e+00j)
 (-1.110223024625155894e-10+0.000000000000000000e+00j), (1.011413175433517079e-07+0.000000000000000000e+00j), (6.883382752675966415e-09+0.000000000000000000e+00j), (0.000000000000000000e+00+0.000000000000000000e+00j), (6.883382752675966415e-09+0.000000000000000000e+00j), (8.326672684688668883e-11+0.000000000000000000e+00j), (0.000000000000000000e+00+0.000000000000000000e+00j), (6.883382752675966415e-09+0.000000000000000000e+00j), (1.011413175433517079e-07+0.000000000000000000e+00j), (0.000000000000000000e+00+0.000000000000000000e+00j), (8.326672684688668883e-11+0.000000000000000000e+00j), (1.011413175433517079e-07+0.000000000000000000e+00j), (0.000000000000000000e+00+0.000000000000000000e+00j), (1.011413175433517079e-07+0.000000000000000000e+00j), (6.883382752675966415e-09+0.000000000000000000e+00j), (2.775557561562889800e-10+0.000000000000000000e+00j)
 (-4.644018589346862086e-59+0.000000000000000000e+00j), (-1.511514802210456581e-04+0.000000000000000000e+00j), (1.511515218544090815e-04+0.000000000000000000e+00j), (0.000000000000000000e+00+0.000000000000000000e+00j), (1.511515218544090815e-04+0.000000000000000000e+00j), (-2.775557561562891997e-11+0.000000000000000000e+00j), (0.000000000000000000e+00+0.000000000000000000e+00j), (1.511515218544090815e-04+0.000000000000000000e+00j), (-1.511514802210456581e-04+0.000000000000000000e+00j), (0.000000000000000000e+00+0.000000000000000000e+00j), (-2.775557561562891997e-11+0.000000000000000000e+00j), (-1.511514802210456581e-04+0.000000000000000000e+00j), (0.000000000000000000e+00+0.000000000000000000e+00j), (-1.511514802210456581e-04+0.000000000000000000e+00j), (1.511515218544090815e-04+0.000000000000000000e+00j), (-5.551115123125783995e-11+0.000000000000000000e+00j)
 (1.526556658859590243e-10+0.000000000000000000e+00j), (4.550756723828431660e+00+0.000000000000000000e+00j), (-4.550756831991909834e+00+0.000000000000000000e+00j), (0.000000000000000000e+00+0.000000000000000000e+00j), (-4.550756831991909834e+00+0.000000000000000000e+00j), (-3.865331787290413403e-10+0.000000000000000000e+00j), (0.000000000000000000e+00+0.000000000000000000e+00j), (-4.550756831991909834e+00+0.000000000000000000e+00j), (4.550756723828431660e+00+0.000000000000000000e+00j), (0.000000000000000000e+00+0.000000000000000000e+00j), (-4.075788375478198741e-11+0.000000000000000000e+00j), (4.550756723828431660e+00+0.000000000000000000e+00j), (0.000000000000000000e+00+0.000000000000000000e+00j), (4.550756723828431660e+00+0.000000000000000000e+00j), (-4.550756831991909834e+00+0.000000000000000000e+00j), (-1.188204420560935662e-10+0.000000000000000000e+00j)
 (1.110222989930686375e-10+0.000000000000000000e+00j), (3.805324010712917079e+05+0.000000000000000000e+00j), (-3.805324010712914169e+05+0.000000000000000000e+00j), (0.000000000000000000e+00+0.000000000000000000e+00j), (-3.805324010712914169e+05+0.000000000000000000e+00j), (-4.712797669689014479e-02+0.000000000000000000e+00j), (0.000000000000000000e+00+0.000000000000000000e+00j), (-3.805324010712914169e+05+0.000000000000000000e+00j), (3.805324010712917079e+05+0.000000000000000000e+00j), (0.000000000000000000e+00+0.000000000000000000e+00j), (-1.178202595970045084e-02+0.000000000000000000e+00j), (3.805324010712917079e+05+0.000000000000000000e+00j), (0.000000000000000000e+00+0.000000000000000000e+00j), (3.805324010712917079e+05+0.000000000000000000e+00j), (-3.805324010712914169e+05+0.000000000000000000e+00j), (-1.178202538758024026e-02+0.000000000000000000e+00j)
 (-2.980232238769531250e-08+0.000000000000000000e+00j), (0.000000000000000000e+00+0.000000000000000000e+00j), (0.000000000000000000e+00+0.000000000000000000e+00j), (0.000000000000000000e+00+0.000000000000000000e+00j), (0.000000000000000000e+00+0.000000000000000000e+00j), (-3.168656784133399129e+08+0.000000000000000000e+00j), (0.000000000000000000e+00+0.000000000000000000e+00j), (0.000000000000000000e+00+0.000000000000000000e+00j), (0.000000000000000000e+00+0.000000000000000000e+00j), (0.000000000000000000e+00+0.000000000000000000e+00j), (-7.921796650003884733e+07+0.000000000000000000e+00j), (0.000000000000000000e+00+0.000000000000000000e+00j), (0.000000000000000000e+00+0.000000000000000000e+00j), (0.000000000000000000e+00+0.000000000000000000e+00j), (0.000000000000000000e+00+0.000000000000000000e+00j), (-7.921796650053803623e+07+0.000000000000000000e+00j)
